<?xml version="1.0" encoding="utf-8"?>
<!--
  Copyright (C)  2009  Kai Dietrich, Michael Rentzsch and others
  
  Permission is granted to copy, distribute and/or modify this document
  under the terms of the GNU Free Documentation License, Version 1.3
  or any later version published by the Free Software Foundation;
  
  You should have received a copy of the GNU Free Documentation License
  along with this document.  If not, see <http://www.gnu.org/licenses/>.
-->

<refentry>
<refentrytitle>wiki2beamer</refentrytitle>
<manvolnum>1</manvolnum>
<refentryinfo>
	<author>
		<personname>Kai Dietrich</personname>
		<email>mail@cleeus.de</email>
		<affiliation>wiki2beamer Project</affiliation>
	</author>
	<author>
		<personname>Michael Rentzsch</personname>
		<email>michael.rentzsch@repc.de</email>
		<affiliation>wiki2beamer Project</affiliation>
	</author>
</refentryinfo>

<refnamediv>
	<refname>wiki2beamer</refname>
	<refpurpose>convert wiki-formatted text to latex-beamer code</refpurpose>
</refnamediv>

<refsynopsisdiv>
	<cmdsynopsis>
		<command>wiki2beamer</command>
		<group choice="opt">
			<option rep="repeat"><replaceable>OPTION</replaceable></option>
		</group>
		<group choice="opt">
			<arg rep="repeat"><replaceable>FILE</replaceable></arg>
		</group>
	</cmdsynopsis>
</refsynopsisdiv>

<refsect1><title>Description</title>
	<variablelist>
		<varlistentry><term><replaceable>FILE</replaceable></term>
			<listitem><para>the text-file(s) to be processed</para></listitem></varlistentry>
		<varlistentry><term><option>-h</option>,<option>--help</option></term>
			<listitem><para>show a short usage help</para></listitem></varlistentry>
		<varlistentry><term>--version</term>
			<listitem><para>show version information</para></listitem></varlistentry>
		<varlistentry><term><option>-o</option>,<option>--output</option> <replaceable>FILE</replaceable></term>
			<listitem><para>write output to <replaceable>FILE</replaceable> instead of stdout</para></listitem></varlistentry>
	</variablelist>
</refsect1>

<refsect1><title>Usage</title>
	<para>Usually you want to pipe the output of wiki2beamer into a file:</para>
	<para><code>wiki2beamer footalk.txt > footalk.tex</code></para>
	<para>
		If called with multiple input files, wiki2beamer processes them in
		order with their content being simply concatenated. If called without
		any input file, wiki2beamer will attempt to read input from STDIN. If
		no input files are supplied and nothing is available on STDIN,
		wiki2beamer prints its usage message and exits.
	</para>
	<para>
		If an error occurs, wiki2beamer returns a return code other then 0.
	</para>
</refsect1>

<refsect1><title>Syntax</title>
	<para>Wiki2beamer has it's own wiki-syntax which (evolved without much of a concept ;) and) is described below.
	Everything that is unknown to wiki2beamer will be passed through to the LaTeX output
	(unless inside special environments).</para>
<refsect2><title>overall structure</title>
	<para>A wiki2beamer txt file can consist of two sections: the head and the body.
	The head is optional and is an autotemplate environment.
	The body contains the content of the document. If the head (autotemplate) is not given,
	then only the code for the body will be generated and can be included into a manually crafted
	LaTeX template file.</para>
</refsect2>
<refsect2><title>Managing input</title>
	<para>You can split input to wiki2beamer into multiple files. This helps to keep things apart and avoids conflicts.
	There are two ways to split input. The first is to use multiple input files which wiki2beamer will read and process in order as
	if they were one concatenated file. The second is to use the &gt;&gt;&gt;include&lt;&lt;&lt; syntax.
	</para>
	<variablelist>
		<varlistentry><term>&gt;&gt;&gt;<replaceable>includefile</replaceable>&lt;&lt;&lt;</term>
			<listitem>
			<para>
			Include the file named <replaceable>includefile</replaceable> at this line. Works recursively. Endless recursion
			will be detected and treated as an error. Including files doesn't work inside [nowiki] and [code] environments
			(see below).
			</para>
			</listitem>
		</varlistentry>
	</variablelist>
</refsect2>

<refsect2><title>Structuring the presentation</title>
	<variablelist>
		<varlistentry><term>== <replaceable>sectionname</replaceable> ==</term>
			<listitem><para>opens a section called <replaceable>sectionname</replaceable></para></listitem></varlistentry>
		<varlistentry><term>== <replaceable>longsectionname</replaceable> ==[<replaceable>shortname</replaceable>]</term>
			<listitem><para>opens a section called <replaceable>longsectionname</replaceable>, 
			passing the parameter <replaceable>shortname</replaceable> to latex</para></listitem></varlistentry>
		<varlistentry><term>=== <replaceable>subsectname</replaceable> ===</term>
			<listitem><para>opens a subsection called <replaceable>subsectname</replaceable></para></listitem></varlistentry>
		<varlistentry><term>=== <replaceable>longsubsectname</replaceable> ===[<replaceable>shortname</replaceable>]</term>
			<listitem><para>opens a subsection called <replaceable>longsubsectname</replaceable>,
			passing the parameter <replaceable>shortname</replaceable> to latex</para></listitem></varlistentry>
		<varlistentry><term>==== <replaceable>frametitle</replaceable> ====</term>
			<listitem><para>opens a frame with the title <replaceable>frametitle</replaceable></para></listitem></varlistentry>
		<varlistentry><term>==== <replaceable>frametitle</replaceable> ====[<replaceable>param</replaceable>]</term>
			<listitem><para>opens a frame with the title <replaceable>frametitle</replaceable>,
			passes frame <replaceable>param</replaceable>eters like t, fragile, verbatim etc. to latex</para></listitem></varlistentry>
		<varlistentry><term>!==== <replaceable>frametitle</replaceable> ====[<replaceable>param</replaceable>]</term>
			<listitem><para>the ! added in front of a frame, selects a frame for exclusive generation.
			It makes wiki2beamer skip all frames that are not selected.
			You can select multiple frames. This can speed up the edit-compile-view cycle massively.
			</para></listitem>
		</varlistentry>
	</variablelist>
	<para>Sectioning commands work only at the beginning of a line.</para>
</refsect2>
<refsect2><title>Lists (Bullets/Enumerations)</title>
	<variablelist>
		<varlistentry><term>* <replaceable>text</replaceable></term>
			<listitem><para>create a bullet (itemize) with <replaceable>text</replaceable></para></listitem></varlistentry>
		<varlistentry><term>*&lt;<replaceable>onslide</replaceable>&gt; <replaceable>text</replaceable></term>
			<listitem><para>create a bullet (itemize) with <replaceable>text</replaceable> that only
			appears on the specified slides (<replaceable>onslide</replaceable>)</para></listitem></varlistentry>
		<varlistentry><term># <replaceable>text</replaceable></term>
			<listitem><para>create a numbered item (enumerate) with <replaceable>text</replaceable></para></listitem></varlistentry>
		<varlistentry><term>#&lt;<replaceable>onslide</replaceable>&gt; <replaceable>text</replaceable></term>
			<listitem><para>create a numbered item (enumerate) with <replaceable>text</replaceable> that only
			appears on the specified slides (<replaceable>onslide</replaceable>)</para></listitem></varlistentry>
	</variablelist>
	<para>Cascaded lists, mixed ordered and unordered items:
	<programlisting>
	* This is a crazy list.
	*# It contains different items.
	*# In different formats.
	*** On different levels.
	***&lt;2-&gt; which are animated
	*&lt;3-&gt; Quite a lot of fun.
	**&lt;4-&gt; Isn't it?
	</programlisting>
	</para>
</refsect2>
<refsect2><title>Environments</title>
	LaTeX knows many environments, some of which are as simple as \begin{center} \end{center}, others are more complicated.
	To use these in a more wiki-like fashion, use &lt;[name] to open and [name]&gt; to close environments. It will
	be simply converted to \begin{name} and end{name}.
	<warning>
	No parsing is done. The user is responsible for closing any opened environment. Environment-tags are only recognized at the beginning of a line.
	</warning>
</refsect2>	
<refsect2><title>Special Environments</title>
	<para>Unlike standard environments, some environment names are recognized by wiki2beamer.
	These are: nowiki, code, autotemplate and frame. If wiki2beamer detects one of these it will do some advanced
	parsing, which can even fail with a syntax error.</para>
</refsect2>
<refsect2><title>autotemplate</title>
				<para>Autotemplate can be used at the beginning of a beamer .txt file. It will create the required
				LaTeX headers to compile the content.</para>
				<variablelist>
					<varlistentry><term>&lt;[autotemplate]</term>
						<listitem><para>opens the autotemplate environment</para></listitem></varlistentry>
					<varlistentry><term>[autotemplate]&gt;</term>
						<listitem><para>close the autotemplate environment</para></listitem></varlistentry>
					<varlistentry><term><replaceable>key</replaceable>=<replaceable>value</replaceable> (inside [autotemplate])</term>
						<listitem><para>insert a template command \<replaceable>key</replaceable><replaceable>value</replaceable>
						</para></listitem></varlistentry>
				</variablelist>
			
			
				<para>key=value pairs are converted to \keyvalue in the output
				(except special keys) -- everything after = is just appended to \key.
<programlisting>&lt;[autotemplate]
usepackage=[utf8]{inputenc}
[autotemplate]&gt;</programlisting>
				will be converted to \usepackage[utf8]{inputenc}.</para>
				<para>There is a built-in set of options:
<programlisting>&lt;[autotemplate]
documentclass={beamer}
usepackage={listings}
usepackage={wasysym}
usepackage={graphicx}
date={\today}
lstdefinestyle={basic}{....}
titleframe=True
[autotemplate]&gt;</programlisting>
				titleframe is a special key that tells wiki2beamer to create a title frame. To set the title, subtitle and author of the presentation
				use the keys title, subtitle and author. Overriding of the default options works on</para>
				<itemizedlist>
					<listitem>per-key level for: documentclass, titleframe</listitem>
					<listitem>per-package level for: usepackage</listitem>
					<listitem>no overriding for: everything else</listitem>
				</itemizedlist>	
</refsect2>
<refsect2><title>code</title>

			<para>Use code-environments to display animated code listings.
			<variablelist>
				<varlistentry><term>&lt;[code]</term>
					<listitem><para>open a code environment</para></listitem></varlistentry>
				<varlistentry><term>&lt;[code][<replaceable>param</replaceable>]</term>
					<listitem><para>open a code environment passing <replaceable>param</replaceable>eters
					to the latex lstlisting environment.</para></listitem></varlistentry>
				<varlistentry><term>[code]&gt;</term>
					<listitem><para>close the code environment</para></listitem></varlistentry>
			</variablelist>

			<programlisting>
			&lt;[code][key=value,...]
			...
			[code]>
			</programlisting>
			&lt;[code] opens the environment, [code]&gt; closes it, everything after &lt;[code] is passed
			to the LaTeX listings package as options for this listing.
			Inside the code environment, [ and ] must be escaped as \[ and \]. Things between [ and ] are animations.
			There are two kinds of animations:
			<itemizedlist>
				<listitem>[&lt;slidespec&gt;some code] - show "some code" only on specified slides</listitem>
				<listitem>[[&lt;slidespec&gt;some code][&lt;slidespec&gt;some other code]] - show "some code"
				on the slides in the first spec, show "some other code" on the slides in the second spec, fill up space
				on slides without content with spaces</listitem>
			</itemizedlist>
			
			Slide-specs can be of the form:
			
			<itemizedlist>
				<listitem>n - one single frame n</listitem>
				<listitem>n-m - sequence of frames n to m</listitem>
				<listitem>spec,spec,... - combine multiple specs into on (e.g. &lt;1-3,5&gt;)</listitem>
			</itemizedlist>
			</para>
</refsect2>
<refsect2><title>nowiki</title>
			<para>Nowiki-Environments completely escape from wiki2beamer replacements. &lt;[nowiki] opens the environment, [nowiki]&gt; closes it.</para>
</refsect2>
<refsect2><title>frame</title>
			<para>The LaTeX-frame environment is where the content of a slide goes.
			You can manually close a frame-environment which was opened with ==== Frametitle ==== with [frame]&gt;.
			Wiki2beamer is then aware that the last frame is already closed and doesn't try to close it again.</para>
</refsect2>

<refsect2><title>Text Formatting</title>
	<variablelist>
		<varlistentry><term>'''<replaceable>text</replaceable>'''</term>
			<listitem><para>typeset <replaceable>text</replaceable> bold</para></listitem></varlistentry>
		<varlistentry><term>''<replaceable>text</replaceable>''</term>
			<listitem><para>typeset <replaceable>text</replaceable> italic</para></listitem></varlistentry>
		<varlistentry><term>@<replaceable>text</replaceable>@</term>
			<listitem><para>typeset <replaceable>text</replaceable> in typewriter type, to ignore an @, escape it as \@</para></listitem></varlistentry>
		<varlistentry><term>!<replaceable>text</replaceable>!</term>
			<listitem><para>alert <replaceable>text</replaceable>, to ignore an !, escape it as \!</para></listitem></varlistentry>
		<varlistentry><term>_ <replaceable>color</replaceable> _ <replaceable>text</replaceable> _</term>
			<listitem><para>make <replaceable>text</replaceable> appear in <replaceable>color</replaceable></para></listitem></varlistentry>
	</variablelist>
</refsect2>

<refsect2><title>Columns</title>
	<variablelist>
		<varlistentry><term>&lt;[columns]</term>
			<listitem><para>opens the column environment</para></listitem></varlistentry>
		<varlistentry><term>[[[ <replaceable>width</replaceable> ]]]</term>
			<listitem><para>creates a column of <replaceable>width</replaceable>, everything below goes into this column</para></listitem></varlistentry>
		<varlistentry><term>[columns]&gt;</term>
			<listitem><para>closes the column environment</para></listitem></varlistentry>
	</variablelist>
</refsect2>

<refsect2><title>Graphics</title>
	<variablelist>
		<varlistentry><term>&lt;&lt;&lt;<replaceable>pathtofile</replaceable>&gt;&gt;&gt;</term>
			<listitem><para>include image from <replaceable>pathtofile</replaceable></para></listitem></varlistentry>
		<varlistentry><term>&lt;&lt;&lt;<replaceable>pathtofile</replaceable>,<replaceable>key=value</replaceable>&gt;&gt;&gt;</term>
			<listitem><para>include image from <replaceable>pathtofile</replaceable> passing <replaceable>key=value</replaceable>
			parameters to latex</para></listitem></varlistentry>
	</variablelist>
</refsect2>

<refsect2><title>Footnotes</title>
	<variablelist>
		<varlistentry><term>(((<replaceable>text</replaceable>)))</term>
			<listitem><para>create a footnote containing <replaceable>text</replaceable></para></listitem></varlistentry>
	</variablelist>
</refsect2>

<refsect2><title>Layout</title>
	<variablelist>
		<varlistentry><term>--<replaceable>length</replaceable>--</term>
			<listitem><para>when found at start of line, with nothing afterwards,
			insert a \vspace{<replaceable>length</replaceable>} (vertical space of length
			<replaceable>length</replaceable>)</para></listitem>
		</varlistentry>
		<varlistentry><term>--*<replaceable>length</replaceable>--</term>
			<listitem><para>
			same as above, but insert a \vspace* (a forced vspace)
			</para></listitem>
		</varlistentry>
		<varlistentry>
			<term>+&lt;<replaceable>overlay</replaceable>&gt;{<replaceable>content</replaceable>}</term>
			<listitem><para>
			\uncover the <replaceable>content</replaceable> on the given <replaceable>overlay
			</replaceable> subframes. They will already take up the space, they need to be displayed, so the geometry of the frame doesn't change when the element pops up.
			</para></listitem>
		</varlistentry>
		<varlistentry>
			<term>-&lt;<replaceable>overlay</replaceable>&gt;{<replaceable>content</replaceable>}</term>
			<listitem><para>
			\only show the <replaceable>content</replaceable> on the given <replaceable>overlay
			</replaceable> subframes. They will not take up the space they need to be displayed, so the geometry of the frame changes when the element pops up.
			</para></listitem>
		</varlistentry>
	</variablelist>
</refsect2>

<refsect2><title>Substitutions</title>
	<variablelist>
		<varlistentry><term>--&gt;</term>
			<listitem><para>becomes $\rightarrow$</para></listitem></varlistentry>
		<varlistentry><term>==&gt;</term>
			<listitem><para>becomes $\Rightarrow$</para></listitem></varlistentry>
		<varlistentry><term>&lt;--</term>
			<listitem><para>becomes $\leftarrow$</para></listitem></varlistentry>
		<varlistentry><term>&lt;==</term>
			<listitem><para>becomes $\Leftarrow$</para></listitem></varlistentry>
		<varlistentry><term>:-)</term>
			<listitem><para>becomes \smiley (requires package wasysym)</para></listitem></varlistentry>
		<varlistentry><term>:-(</term>
			<listitem><para>becomes \frownie (requires package wasysym)</para></listitem></varlistentry>
	</variablelist>
</refsect2>

<refsect2><title>Frame Headers/Footers</title>
	<para>There are two variables, FRAMEHEADER and FRAMEFOOTER. The content of these will be inserted at the beginning/end of all following slides.</para>
	<variablelist>
		<varlistentry><term>@FRAMEHEADER=<replaceable>text</replaceable></term>
			<listitem><para>set frameheader to <replaceable>text</replaceable></para></listitem></varlistentry>
		<varlistentry><term>@FRAMEFOOTER=<replaceable>text</replaceable></term>
			<listitem><para>set framefooter to <replaceable>text</replaceable></para></listitem></varlistentry>
	</variablelist>
	<para>Leave <replaceable>text</replaceable> empty to reset frame headers and footers.</para>
</refsect2>

</refsect1>

<refsect1><title>License</title>
	<para>Copyright (C)  2009 Kai Dietrich, Michael Rentzsch and others.</para>
	<refsect2><title>Documentation License</title>
		<para>
		Permission is granted to copy, distribute and/or modify this document
		under the terms of the GNU Free Documentation License, Version 1.3
		or any later version published by the Free Software Foundation;
		</para>
	</refsect2>
	<refsect2><title>Code License</title>
		<para>
		wiki2beamer is free software: you can redistribute it and/or modify
		it under the terms of the GNU General Public License as published by
		the Free Software Foundation, either version 2 of the License, or
		(at your option) any later version.
		</para>
	</refsect2>
</refsect1>
</refentry>


